,Drug_ID,smiles,y
0,DEMETHYLASTEMIZOLE,Oc1ccc(CCN2CCC(Nc3nc4ccccc4n3Cc3ccc(F)cc3)CC2)cc1,1.0
1,GBR-12909,Fc1ccc(C(OCC[NH+]2CC[NH+](CCCc3ccccc3)CC2)c2ccc(F)cc2)cc1,1.0
2,CLOFILIUM PHOSPHATE,CCCCCCC[N+](CC)(CC)CCCCc1ccc(Cl)cc1.CCCCCCC[N+](CC)(CC)CCCCc1ccc(Cl)cc1.CCCCCCC[N+](CC)(CC)CCCCc1ccc(Cl)cc1.O=P([O-])([O-])[O-],1.0
3,FLUSPIRILENE,O=C1NCN(c2ccccc2)C12CC[NH+](CCCC(c1ccc(F)cc1)c1ccc(F)cc1)CC2,1.0
4,VANOXERINE HYDROCHLORIDE,Fc1ccc(C(OCCN2CCN(CCCc3ccccc3)CC2)c2ccc(F)cc2)cc1,1.0
5,L-691121,CS(=O)(=O)Nc1ccc2c(c1)C(=O)CC1(CCN(CCc3ccc4nonc4c3)CC1)O2,1.0
6,BMCL20031829_02,O=C1NCCN1CCN1CC=C(c2cn(-c3ccc(F)cc3)c3ccc(Cl)cc23)CC1,1.0
7,DOFETILIDE,C[NH+](CCOc1ccc(NS(C)(=O)=O)cc1)CCc1ccc(NS(C)(=O)=O)cc1,1.0
8,BMCL20031829_15,CN(C)Cc1cc2cc(Cl)ccc2n1-c1ccc(F)cc1,1.0
9,DIGITOXIN,C[C@H]1O[C@@H](O[C@H]2[C@@H](O)C[C@H](O[C@H]3[C@@H](O)C[C@H](O[C@H]4CC[C@]5(C)[C@H]6CC[C@]7(C)[C@@H](C8=CC(=O)OC8)CC[C@]7(O)[C@@H]6CC[C@@H]5C4)O[C@@H]3C)O[C@@H]2C)C[C@H](O)[C@@H]1O,1.0
10,ASTEMIZOLE,COc1ccc(CC[NH+]2CCC(Nc3nc4ccccc4n3Cc3ccc(F)cc3)CC2)cc1,1.0
11,CLEMASTINE,C[NH+]1CCC[C@@H]1CCO[C@](C)(c1ccccc1)c1ccc(Cl)cc1,1.0
12,CLOFILIUM,CCCCCCC[N+](CC)(CC)CCCCc1ccc(Cl)cc1,1.0
13,SERTINDOLE,O=C1NCCN1CC[NH+]1CCC(c2cn(-c3ccc(F)cc3)c3ccc(Cl)cc23)CC1,1.0
14,TOLTERODINE TARTRATE,Cc1ccc(O)c([C@@H](CCN(C(C)C)C(C)C)c2ccccc2)c1,1.0
15,L-702958,CS(=O)(=O)Nc1ccc2c(c1)C(=O)CC1(CCN([C@@H]3CCc4cc(C#N)ccc4C3)CC1)O2,1.0
16,OUABAIN,C[C@@H]1O[C@@H](O[C@@H]2C[C@@H](O)[C@]3(CO)[C@H]4[C@@H](O)C[C@]5(C)[C@H](C6=CC(=O)OC6)CC[C@]5(O)[C@@H]4CC[C@@]3(O)C2)[C@H](O)[C@H](O)[C@H]1O,1.0
17,LIDOFLAZINE,Cc1cccc(C)c1NC(=O)C[NH+]1CC[NH+](CCCC(c2ccc(F)cc2)c2ccc(F)cc2)CC1,1.0
18,PIMOZIDE,O=C1N=c2ccccc2=[N+]1C1CC[NH+](CCCC(c2ccc(F)cc2)c2ccc(F)cc2)CC1,1.0
19,WOMBAT07,c1ccc(-c2[nH]c3ccccc3c2C2C[C@@H]3CC[C@H](C2)N3c2ccccc2)cc1,1.0
20,CISAPRIDE HYDRATE,COc1cc(N)c(Cl)cc1C(=O)N[C@@H]1CCN(CCCOc2ccc(F)cc2)C[C@@H]1OC,1.0
21,HALOPERIDOL,O=C(CCC[NH+]1CCC(O)(c2ccc(Cl)cc2)CC1)c1ccc(F)cc1,1.0
22,BRL-37872,COc1ccc(CC[NH+](C)CCCN(C(=O)c2ccc([N+](=O)[O-])cc2)c2ccc(OC)c(OC)c2)cc1OC,1.0
23,MK-499,CS(=O)(=O)Nc1ccc2c(c1)[C@H](O)CC1(CC[NH+]([C@@H]3CCc4cc(C#N)ccc4C3)CC1)O2,1.0
24,BMCL20031829_13,O=C1NCCN1CCN1CCC([C@@H]2CN(c3ccc(F)cc3)c3ccccc32)CC1,1.0
25,WOMBAT59,N#Cc1ccc(Cn2cncc2C[NH+](CCCc2ccccc2)[C@@H]2CCN(Cc3cccc(Cl)c3)C2=O)cc1,1.0
26,IBUTILIDE,CCCCCCC[NH+](CC)CCC[C@@H](O)c1ccc(NS(C)(=O)=O)cc1,1.0
27,NORASTEMIZOLE,Fc1ccc(Cn2c(NC3CC[NH2+]CC3)nc3ccccc32)cc1,1.0
28,BEKM-1,Clc1ccc(C(c2ccc(Cl)cc2)n2cc[n+](C[C@H](OCc3ccc(Cl)cc3Cl)c3ccc(Cl)cc3Cl)c2)cc1,1.0
29,DROPERIDOL,O=C(CCC[NH+]1CC=C([N+]2=c3ccccc3=NC2=O)CC1)c1ccc(F)cc1,1.0
30,BMCL20031829_08,COC(=O)c1ccc(-n2cc(C3CCN(CCN4CCNC4=O)CC3)c3cc(Cl)ccc32)cc1,1.0
31,DIGOXIN,C[C@H]1O[C@@H](O[C@H]2[C@@H](O)C[C@H](O[C@H]3[C@@H](O)C[C@H](O[C@H]4CC[C@]5(C)[C@H]6C[C@@H](O)[C@]7(C)[C@@H](C8=CC(=O)OC8)CC[C@]7(O)[C@@H]6CC[C@@H]5C4)O[C@@H]3C)O[C@@H]2C)C[C@H](O)[C@@H]1O,1.0
32,AMIODARONE HYDROCHLORIDE,CCCCc1oc2ccccc2c1C(=O)c1cc(I)c(OCCN(CC)CC)c(I)c1,1.0
33,DESBUTYLHALOFANTRINE,CCCCNCC[C@H](O)c1cc2c(Cl)cc(Cl)cc2c2cc(C(F)(F)F)ccc12,1.0
34,N-DESBUTYLHALOFANTRINE,CCCCNCCC(O)c1cc2c(Cl)cc(Cl)cc2c2cc(C(F)(F)F)ccc12,1.0
35,WOMBAT06,c1ccc(-c2[nH]c3ccccc3c2C2CCN(c3ccccc3)CC2)cc1,1.0
36,BMCL20031829_01,O=C1NCCN1CCN1CCC(c2cn(-c3ccccc3)c3ccc(Cl)cc23)CC1,1.0
37,THIORIDAZINE,CSc1ccc2c(c1)N(CC[C@H]1CCCC[NH+]1C)c1ccccc1S2,1.0
38,KETANSERIN,O=C(c1ccc(F)cc1)C1CC[NH+](CCn2c(=O)[nH]c3ccccc3c2=O)CC1,1.0
39,WOMBAT33,Fc1ccc2c([C@@H]3C[NH2+]CC[C@@H]3F)c(-c3cccc4ccccc34)[nH]c2c1,1.0
40,WOMBAT60,CC(C)(C)OC(=O)NCCC[NH+](Cc1cncn1Cc1ccc(C#N)cc1)[C@@H]1CCN(Cc2cccc(Cl)c2)C1=O,1.0
41,PERGOLIDE,CCC[NH+]1C[C@H](CSC)C[C@H]2c3cccc4c3[C@H](C=N4)C[C@H]21,1.0
42,VERAPAMIL,COc1ccc(CC[NH+](C)CCC[C@@](C#N)(c2ccc(OC)c(OC)c2)C(C)C)cc1OC,1.0
43,9-HYDROXYRISPERIDONE,CC1=NC2=[N+](CCC[C@H]2O)C(=O)[C@@H]1CC[NH+]1CCC(c2noc3cc(F)ccc23)CC1,1.0
44,WOMBAT26,N#Cc1ccc(Cn2cncc2CC[NH2+][C@H]2CCN(c3ccccc3)C2=O)cc1,1.0
45,DOMPERIDONE,O=C1N=c2ccccc2=[N+]1CCC[NH+]1CCC([N+]2=c3ccc(Cl)cc3=NC2=O)CC1,1.0
46,OLANZAPINE,Cc1cc2c(s1)Nc1ccccc1N=C2N1CC[NH+](C)CC1,1.0
47,NPS-2143,CC(C)(Cc1ccc2ccccc2c1)NC[C@@H](O)COc1cccc(Cl)c1C#N,1.0
48,WOMBAT28,CCCC[NH+](Cc1cncn1Cc1ccc(C#N)cc1)[C@H]1CCN(Cc2ccccc2)C1=O,1.0
49,WOMBAT57,N#Cc1ccc(Cn2cncc2C[NH+](CC[NH+]2CCOCC2)[C@@H]2CCN(Cc3cccc(Cl)c3)C2=O)cc1,1.0
50,AMSACRINE,COc1cc(NS(C)(=O)=O)ccc1Nc1c2ccccc2nc2ccccc12,1.0
51,APRINIDINE,CC[NH+](CC)CCCN(c1ccccc1)C1Cc2ccccc2C1,1.0
52,MEPERIDINE,CCOC(=O)C1(c2ccccc2)CCN(C)CC1,1.0
53,TERIKALANT,COc1ccc(C2CCN(CC[C@H]3CCOc4ccccc43)CC2)cc1OC,1.0
54,CLOZAPINE,C[NH+]1CCN(C2=Nc3cc(Cl)ccc3Nc3ccccc32)CC1,1.0
55,SUNITINIB,CCN(CC)CCNC(=O)c1c(C)[nH]c(/C=C2\C(=O)Nc3ccc(F)cc32)c1C,1.0
56,WOMBAT03,c1ccc(C[NH+]2CCC[C@H](c3c(-c4ccccc4)[nH]c4ccccc34)C2)cc1,1.0
57,AWD_23-111,CC[NH+](CC)CCCN(CC(=O)N(C1CCCCC1)C1CCCCC1)C(=O)c1ccc([N+](=O)[O-])cc1,1.0
58,LOBELINE,CN1[C@H](C[C@@H](O)c2ccccc2)CCC[C@@H]1CC(=O)c1ccccc1.CS(=O)(=O)Nc1ccc2c(c1)C(=O)CC1(CCN([C@@H]3CCc4cc(C#N)ccc4C3)CC1)O2,1.0
59,OXATOMIDE,O=c1[nH]c2ccccc2n1CCCN1CCN(C(c2ccccc2)c2ccccc2)CC1,1.0
60,CHLOROPHENIRAMINE,CN(C)CC[C@@H](c1ccc(Cl)cc1)c1ccccn1,1.0
61,ALMOKALANT,CCCS(=O)CCC[NH+](CC)C[C@@H](O)COc1ccc(C#N)cc1,1.0
62,2-[({1-[1-(4-Fluorobenzyl)-1H-benzimidazol-2-yl]-4-piperidinyl}methyl)amino]-4(3H)-pyrimidinone,O=c1ccnc(NCC2CCN(c3nc4ccccc4n3Cc3ccc(F)cc3)CC2)[nH]1,1.0
63,PROPAFENONE,CCC[NH2+]C[C@@H](O)COc1ccccc1C(=O)CCc1ccccc1,1.0
64,WOMBAT56,N#Cc1ccc(Cn2cncc2C[NH2+][C@@H]2CCN(Cc3cccc(Cl)c3)C2=O)cc1,1.0
65,FLUOXETINE,C[NH2+]CC[C@@H](Oc1ccc(C(F)(F)F)cc1)c1ccccc1,1.0
66,CYAMEMAZINE (RACEMATE),C[C@H](CN(C)C)CN1c2ccccc2Sc2ccc(C#N)cc21,1.0
67,WOMBAT61,N#Cc1ccc(Cn2cncc2C[NH+](CCC[NH3+])[C@@H]2CCN(Cc3cccc(Cl)c3)C2=O)cc1,1.0
68,SAXITOXIN,N=C1N[C@H]2[C@H](COC(N)=O)NC(=N)N3CCC(O)(O)[C@]23N1,1.0
69,WOMBAT34,Fc1ccc2c([C@@H]3C[NH2+]CC[C@@H]3F)c(-c3ccc4ccccc4c3)[nH]c2c1,1.0
70,CARVEDILOL (RACEMATE),COc1ccccc1OCCNC[C@@H](O)COc1cccc2[nH]c3ccccc3c12,1.0
71,ATROPINE,C[NH+]1[C@H]2CC[C@@H]1CC(OC(=O)[C@@H](CO)c1ccccc1)C2,1.0
72,BMCL20031829_04,O=C(O)Cc1ccc(-n2cc(C3CCN(CCN4CCNC4=O)CC3)c3cc(Cl)ccc32)cc1,1.0
73,DOXAZOSIN,COc1cc2nc(N3CCN(C(=O)[C@H]4COc5ccccc5O4)CC3)nc(N)c2cc1OC,1.0
74,PRENYLAMINE,C[C@H](Cc1ccccc1)[NH2+]CCC(c1ccccc1)c1ccccc1,1.0
75,CLEBOPRIDE,COc1cc(N)c(Cl)cc1C(=O)NC1CCN(Cc2ccccc2)CC1,1.0
76,ARIPIPRAZOLE,O=C1CCc2ccc(OCCCCN3CCN(c4cccc(Cl)c4Cl)CC3)cc2N1,1.0
77,BMCL-16-2006-4265_26,CN1CCN(CCCN(C(=O)Nc2ccc(F)c(C(F)(F)F)c2)[C@@H]2C[C@@H](c3ccc4c(c3)[C@H](N)NO4)[C@@H]3C[C@H]32)CC1,1.0
78,(+)-QUINIDINE,C=C[C@H]1CN2CC[C@H]1C[C@@H]2[C@@H](O)c1ccnc2ccc(OC)cc12,1.0
79,N_DEMETHYLHALOFANTRINE,[NH3+]CC[C@@H](O)c1cc2c(Cl)cc(Cl)cc2c2cc(C(F)(F)F)ccc12,1.0
80,FLUOXETINE HYDROCHLORIDE,CNCC[C@H](Oc1ccc(C(F)(F)F)cc1)c1ccccc1,1.0
81,ORPHENADRINE,Cc1ccccc1[C@H](OCC[NH+](C)C)c1ccccc1,1.0
82,CYAMEMAZIN,C[C@H](CN1c2ccccc2Sc2ccc(C#N)cc21)C[NH+](C)C,1.0
83,CYAMEMAZINE,C[C@@H](CN(C)C)CN1c2ccccc2Sc2ccc(C#N)cc21,1.0
84,WOMBAT27,N#Cc1ccc(Cn2cncc2C[NH+](Cc2cccnc2)[C@H]2CCN(Cc3ccccc3)C2=O)cc1,1.0
85,BROMPHENIRAMINE MALEATE,CN(C)CC[C@H](c1ccc(Br)cc1)c1ccccn1,1.0
86,WOMBAT36,O=C(Nc1ccccc1)c1[nH]c2cc(F)ccc2c1[C@@H]1C[NH2+]CC[C@@H]1F,1.0
87,BCTC,CC(C)(C)c1ccc(NC(=O)N2CCN(c3ncccc3Cl)CC2)cc1,1.0
88,DRONEDARONE,CCCCc1oc2ccc(NS(C)(=O)=O)cc2c1C(=O)c1ccc(OCCCN(CCCC)CCCC)cc1,1.0
89,GF-109203X,CN(C)CCCn1cc(C2=C(c3c[nH]c4ccccc34)C(=O)NC2=O)c2ccccc21,1.0
90,MDL-100907,COc1cccc([C@H](O)C2CCN(CCc3ccc(F)cc3)CC2)c1OC,1.0
91,AJMALINE,CC[C@H]1[C@H]2C[C@H]3[C@@H]4N(C)c5ccccc5[C@]45C[C@@H]([C@H]2[C@H]5O)N3[C@@H]1O,1.0
92,MCI-154,O=C1CCC(c2ccc(Nc3ccncc3)cc2)=NN1,1.0
93,QUINIDINE,C=C[C@H]1C[NH+]2CC[C@H]1C[C@@H]2[C@@H](O)c1ccnc2ccc(OC)cc12,1.0
94,L-365260,Cc1cccc(NC(=O)N[C@@H]2N=C(c3ccccc3)c3ccccc3N(C)C2=O)c1,1.0
95,WOMBAT58,N#Cc1ccc(Cn2cncc2C[NH+](CC[NH+]2CC[NH2+]CC2)[C@@H]2CCN(Cc3cccc(Cl)c3)C2=O)cc1,1.0
96,LAPATINIB,CS(=O)(=O)CCNCc1ccc(-c2ccc3ncnc(Nc4ccc(OCc5cccc(F)c5)c(Cl)c4)c3c2)o1,1.0
97,AMINOMETHYL TETRAHYDRONAPHTHALENE KETOPIPERAZINE 2D,CCN(CC)Cc1ccc2c(c1)CC[C@H](N1CCN(Cc3ccsc3)CC1=O)C2,1.0
98,COCAETHYLENE,CCOC(=O)[C@@H]1[C@@H](OC(=O)c2ccccc2)C[C@@H]2CC[C@H]1[NH+]2C,1.0
99,PALIPERIDONE,Cc1nc2n(c(=O)c1CCN1CCC(c3noc4cc(F)ccc34)CC1)CCC[C@@H]2O,1.0
100,ROPINIROLE HYDROCHLORIDE,CCCN(CCC)CCc1cccc2c1CC(=O)N2.Cl,1.0
101,"(4R)-4-(4-FLUOROPHENYL)-8-[1-(4-FLUOROPHENYL)CYCLOHEXYL]-2,8-DIAZASPIRO[4.5]DECAN-1-ONE",O=C1NC[C@@H](c2ccc(F)cc2)C12CCN(C1(c3ccc(F)cc3)CCCCC1)CC2,1.0
102,BMCL-16-2007-1777-15,CN(CCCN)C(=O)N1CC(c2cc(F)ccc2F)=C[C@H]1c1ccccc1,1.0
103,DESIPRAMINE,C[NH2+]CCCN1c2ccccc2CCc2ccccc21,1.0
104,BMCL-16-2006-4313-27,O=C1NC[C@@H](c2ccccc2)C12CCN([C@H]1CCCC[C@@H]1c1ccccc1)CC2,1.0
105,JMC20066569-1,O=C(NC1CCN(Cc2ccc3c(c2)OCO3)CC1)c1cc(=O)c2cc(Cl)c(Cl)cc2o1,1.0
106,MIBEFRADIL,COCC(=O)O[C@@]1(CC[NH+](C)CCCc2nc3ccccc3[nH]2)CCc2cc(F)ccc2[C@@H]1C(C)C,1.0
107,NIFEKALANT,Cn1c(NCCN(CCO)CCCc2ccc([N+](=O)[O-])cc2)cc(=O)n(C)c1=O,1.0
108,CHLORPROMAZINE,C[NH+](C)CCCN1c2ccccc2Sc2ccc(Cl)cc21,1.0
109,BMCL20031829_17,CCC(CC)c1cn(-c2ccc(F)cc2)c2ccc(Cl)cc12,1.0
110,1-{4-[({4-[(4-BROMO-2-FLUOROPHENYL)AMINO]-6-METHOXYQUINAZOLIN-7-YL}OXY)METHYL]PIPERIDIN-1-YL}-2-(DIMETHYLAMINO)ETHANONE,COc1cc2c(Nc3ccc(Br)cc3F)ncnc2cc1OCC1CCN(C(=O)CN(C)C)CC1,1.0
111,BMCL-16-2007-1777-20,CC(C)(C)[C@@H](N)C(=O)N1CC(c2cc(F)ccc2F)=C[C@H]1c1ccccc1,1.0
112,WOMBAT01,Fc1ccc2c([C@@H]3C[NH2+]CC[C@H]3F)c(-c3ccsc3)[nH]c2c1,1.0
113,TERODILINE,C[C@H](CC(c1ccccc1)c1ccccc1)[NH2+]C(C)(C)C,1.0
114,PRAZOSIN,COc1cc2nc(N3CCN(C(=O)c4ccco4)CC3)nc(N)c2cc1OC,1.0
115,,COc1cc2nc(N3CCN(C(=O)c4ccco4)CC3)[nH]c(=N)c2cc1OC,1.0
116,1-(BIS(4-FLUOROPHENYL)METHYL)PIPERAZINE,Fc1ccc(C(c2ccc(F)cc2)N2CCNCC2)cc1,1.0
117,WOMBAT40,Fc1ccc(-c2[nH]c3cc(F)ccc3c2[C@@H]2C[NH2+]CC[C@@H]2F)cc1,1.0
118,2-AMINO-N-PYRIMIDIN-4-YLACETAMIDE-3,Cc1ccc(-c2nc(NC(=O)CN3CCC(CN(C)C)CC3)cc(-n3nccc3C)n2)o1,1.0
119,"1,4-DIHYDROINDENO[1,2-C]PYRAZOL_85",C(#Cc1cc(-c2n[nH]c3c2Cc2cc(Cn4cncn4)ccc2-3)cs1)COc1ccccc1,1.0
120,AMINOMETHYL TETRAHYDRONAPHTHALENE KETOPIPERAZINE 2B,CCN(CC)Cc1ccc2c(c1)CC[C@H](N1CCN(CCc3cc(N)cc(C(F)(F)F)c3)CC1=O)C2,1.0
121,BMCL-16-2006-4313-12c,O=C1NC[C@@H](c2ccccc2)C12CCN([C@H]1CCCC[C@@]1(O)C1CCC(F)CC1)CC2,1.0
122,BMCL20031829_19,CCC(=O)c1cn(-c2ccc(F)cc2)c2ccc(Cl)cc12,1.0
123,DONEPEZIL,COc1cc2c(cc1OC)C(=O)[C@@H](CC1CC[NH+](Cc3ccccc3)CC1)C2,1.0
124,AMINOMETHYL TETRAHYDRONAPHTHALENE KETOPIPERAZINE 4A,O=C1CN(CCc2ccc(F)cc2)CCN1[C@H]1CCc2cc(CN3CCC(C(F)(F)F)CC3)ccc2C1,1.0
125,AMLODIPINE,CCOC(=O)C1=C(COCC[NH3+])NC(C)=C(C(=O)OC)[C@H]1c1ccccc1Cl,1.0
126,RENZAPRIDE,COc1cc(N)c(Cl)cc1C(=O)N[C@H]1CC[NH+]2CCC[C@H]1C2,1.0
127,MICONAZOLE,Clc1ccc(CO[C@@H](Cn2ccnc2)c2ccc(Cl)cc2Cl)c(Cl)c1,1.0
128,WOMBAT55,F[C@H]1CC[NH2+]C[C@H]1c1c(-c2ccccc2)[nH]c2c(Cl)cccc12,1.0
129,LAAM,CC[C@@H](OC(C)=O)C(C[C@@H](C)[NH+](C)C)(c1ccccc1)c1ccccc1,1.0
130,BMCL-16-2007-1777-16,CC(C)(CN)C(=O)N1CC(c2cc(F)ccc2F)=C[C@@H]1c1ccccc1,1.0
131,CONIVAPTAN,Cc1nc2c([nH]1)CCN(C(=O)c1ccc(NC(=O)c3ccccc3-c3ccccc3)cc1)c1ccccc1-2,1.0
132,LORATADINE,CCOC(=O)N1CCC(=C2c3ccc(Cl)cc3CCc3cccnc32)CC1,1.0
133,NORFLUOXETINE,NCC[C@H](Oc1ccc(C(F)(F)F)cc1)c1ccccc1,1.0
134,APOMORPHINE HYDROCHLORIDE,CN1CCc2cccc3c2[C@H]1Cc1ccc(O)c(O)c1-3.Cl,1.0
135,BMCL-16-2007-1777-17,CC(C)[C@@H](N)C(=O)N1CC(c2cc(F)ccc2F)=C[C@@H]1c1ccccc1,1.0
136,L-ALPHA-ACETYLMETHADOL,CC[C@H](OC(C)=O)C(C[C@H](C)N(C)C)(c1ccccc1)c1ccccc1,1.0
137,CHLOROQUINE,CC[NH+](CC)CCC[C@@H](C)Nc1ccnc2cc(Cl)ccc12,1.0
138,JMC20066569-20,O=C(NC1CCN(Cc2ccc3c(c2)OCO3)CC1)c1cc(=O)c2ccc(Br)cc2o1,1.0
139,TEDISAMIL,C1CCC2(C1)C1C[NH+](CC3CC3)CC2C[NH+](CC2CC2)C1,1.0
140,WOMBAT38,Fc1ccc2c([C@@H]3C[NH2+]CC[C@@H]3F)c(C3=CNC=CC3)[nH]c2c1,1.0
141,BTHP,COc1cc2c(cc1OC)[C@@H]1Cc3ccc(OC)c(OC)c3[C@@H](Cc3ccccc3)N1CC2,1.0
142,MEFLOQUINE,O[C@@H](c1cc(C(F)(F)F)nc2c(C(F)(F)F)cccc12)[C@H]1CCCC[NH2+]1,1.0
143,DAURICINE,COc1cc2c(cc1OC)[C@@H](Cc1ccc(Oc3cc(C[C@@H]4c5cc(OC)c(OC)cc5CCN4C)ccc3O)cc1)N(C)CC2,1.0
144,TRAZODONE,O=c1n(CCCN2CCN(c3cccc(Cl)c3)CC2)nc2ccccn12,1.0
145,NORVERAPAMIL,COc1ccc(CC[NH2+]CCC[C@@](C#N)(c2ccc(OC)c(OC)c2)C(C)C)cc1OC,1.0
146,WOMBAT20,N#Cc1ccc(Cn2cncc2C[NH2+][C@H]2CCN(c3ccncc3)C2=O)cc1,1.0
147,ALOSETRON,Cc1nc[nH]c1CN1CCc2c(c3ccccc3n2C)C1=O,1.0
148,AMINOMETHYL TETRAHYDRONAPHTHALENE KETOPIPERAZINE 2A,CCN(CC)Cc1ccc2c(c1)CC[C@H](N1CCN(CCc3ccc(Cl)cc3)CC1=O)C2,1.0
149,IMIPRAMINE HYDROCHLORIDE,CN(C)CCCN1c2ccccc2CCc2ccccc21,1.0
150,BMCL-16-2007-1777-19,N[C@@H](C(=O)N1CC(c2cc(F)ccc2F)=C[C@H]1c1ccccc1)C1CC1,1.0
151,BMCL20031829_22,CCc1cn(-c2ccc(F)cc2)c2ccc(Cl)cc12,1.0
152,TRIFLUOPERAZINE HYDROCHLORIDE,CN1CCN(CCCN2c3ccccc3Sc3ccc(C(F)(F)F)cc32)CC1,1.0
153,JMC20066569-18,O=C(NC1CCN(Cc2ccc3c(c2)OCO3)CC1)c1cc(=O)c2ccc(OC(F)F)cc2o1,1.0
154,JMC20066569-21,O=C(NC1CCN(Cc2ccc3c(c2)OCO3)CC1)c1cc(=O)c2ccc(Cl)cc2o1,1.0
155,NORPROPOXYPHENE,CCC(=O)O[C@](Cc1ccccc1)(c1ccccc1)[C@H](C)C[NH2+]C,1.0
156,GRANISETRON,Cn1nc(C(=O)NC2C[C@@H]3CCC[C@H](C2)[NH+]3C)c2ccccc21,1.0
157,FLUVOXAMINE,COCCCC/C(=N\OCC[NH3+])c1ccc(C(F)(F)F)cc1,1.0
158,FLECAINIDE,O=C(NC[C@H]1CCCC[NH2+]1)c1cc(OCC(F)(F)F)ccc1OCC(F)(F)F,1.0
159,BUSPIRONE,O=C1CC2(CCCC2)CC(=O)N1CCCCN1CCN(c2ncccn2)CC1,1.0
160,AMINOMETHYL TETRAHYDRONAPHTHALENE KETOPIPERAZINE 4B,O=C1CN(CCc2ccc(F)cc2)CCN1[C@H]1CCc2cc(Cn3ccnc3)ccc2C1,1.0
161,JMC20066569-30,O=C(NC1CCN(Cc2ccc3c(c2)OCO3)CC1)c1cc(=O)c2cc(F)ccc2o1,1.0
162,N-DESMETHYLCLOZAPINE,Clc1ccc2c(c1)N=C(N1CCNCC1)c1ccccc1N2,1.0
163,WOMBAT32,Fc1ccc2c([C@@H]3C[NH2+]CC[C@@H]3F)c(-c3ccccc3)[nH]c2c1,1.0
164,PRUCALOPRIDE,COCCC[NH+]1CCC(NC(=O)c2cc(Cl)c(N)c3c2OCC3)CC1,1.0
165,2-AMINO-N-PYRIMIDIN-4-YLACETAMIDE-4,Cc1ccc(-c2nc(NC(=O)CC3CCN(C)CC3)cc(-n3nccc3C)n2)o1,1.0
166,CHLOROBUTANOL,CC(C)(O)C(Cl)(Cl)Cl,1.0
167,DESLORATIDINE,Clc1ccc2c(c1)CCc1cccnc1C2=C1CC[NH2+]CC1,1.0
168,"6-(4-CHLOROPHENYL)-3-{4-[(3S)-3-HYDROXYPYRROLIDIN-1-YL]-3-METHOXYPHENYL}THIENO[3,2-D]PYRIMIDIN-4(3H)-ONE",COc1cc(-n2cnc3cc(-c4ccc(Cl)cc4)sc3c2=O)ccc1N1CC[C@H](O)C1,1.0
169,NORCLOZAPINE,Clc1ccc2c(c1)N=C(N1CC[NH2+]CC1)c1ccccc1N2,1.0
170,BMCL20031829_18,C[C@@H](O)c1cn(-c2ccc(F)cc2)c2ccc(Cl)cc12,1.0
171,WOMBAT29,c1ccc(-c2[nH]c3ccccc3c2[C@H]2CCC[NH2+]C2)cc1,1.0
172,AMOXAPINE,Clc1ccc2c(c1)C(N1CCNCC1)=Nc1ccccc1O2,1.0
173,DEXTROMETHORPHAN,COc1ccc2c(c1)[C@]13CCCC[C@@H]1[C@H](C2)N(C)CC3,1.0
174,"1,4-DIHYDROINDENO[1,2-C]PYRAZOL_50",COCCOCC#Cc1cc(-c2n[nH]c3c2C(=O)c2cc(CN4CCN(C)CC4)ccc2-3)cs1,1.0
175,JMC20066569-47,COc1ccc(CN2CCC(NC(=O)c3cc(=O)c4ccc(F)cc4o3)CC2)cc1,1.0
176,WOMBAT37,Fc1ccc2c([C@@H]3C[NH2+]CC[C@@H]3F)c(C3CCCCCC3)[nH]c2c1,1.0
177,AMITRIPTYLINE HYDROCHLORIDE,CN(C)CCC=C1c2ccccc2CCc2ccccc21,1.0
178,DULOXETINE,CN(C)C[C@@H](c1ccc(O)cc1)C1(O)CCCCC1,1.0
179,JMC20066569-42,O=C(NC1CCN(Cc2ccc3c(c2)OC(F)(F)O3)CC1)c1cc(=O)c2ccc(F)cc2o1,1.0
180,WOMBAT30,c1ccc(-c2[nH]c3ccccc3c2C2CC[NH2+]CC2)cc1,1.0
181,QUETIAPINE,OCCOCC[NH+]1CCN(C2=Nc3ccccc3Sc3ccccc32)CC1,1.0
182,DOLASETRON,O=C(OC1C[C@H]2CC3C[C@H](C1)[NH+]2CC3=O)C1=c2ccccc2=NC1,1.0
183,EGCG,O=C(O[C@@H]1Cc2c(O)cc(O)cc2O[C@@H]1c1cc(O)c(O)c(O)c1)c1cc(O)c(O)c(O)c1,1.0
184,WOMBAT66,N#Cc1ccc(Cn2cncc2C[NH2+][C@@H]2CCN(C(=O)c3cncc(Br)c3)C2=O)cc1,1.0
185,JMC20066569-36,O=C(NC1CCN(Cc2ccc3c(c2)OCO3)CC1)c1cc(=O)c2cc(Cl)c(Cl)cc2o1,1.0
186,SERTINDOLE10,Fc1ccc(-n2cc(C3CC[NH+](CCN4CCNC4=S)CC3)c3cc(Cl)ccc32)cc1,1.0
187,ATOMOXETINE,CNCC[C@@H](Oc1ccccc1C)c1ccccc1,1.0
188,BMCL-16-2006-17782-21,CN(C(=O)N1CC(c2cc(F)ccc2F)=C[C@H]1c1cccc(O)c1)C1CCNCC1,1.0
189,CHROMANOL,CCS(=O)(=O)C[NH2+][C@@H]1c2cc(C[NH3+])ccc2OC(C)(C)[C@H]1O,1.0
190,WOMBAT02,C[NH+]1CCCC[C@@H]1c1c(-c2ccccc2)[nH]c2ccccc12,1.0
191,WOMBAT39,Fc1ccc2[nH]c(-c3ccccc3)c([C@@H]3C[NH2+]CC[C@@H]3F)c2c1,1.0
192,WOMBAT64,F[C@H]1CC[NH2+]C[C@H]1c1c(-c2ccccc2)[nH]c2ccc(Cl)cc12,1.0
193,COCAINE,COC(=O)[C@H]1[C@H](OC(=O)c2ccccc2)C[C@@H]2CC[C@H]1[NH+]2C,1.0
194,WOMBAT21,N#Cc1ccc(Cn2cncc2C[NH2+][C@H]2CCN(Cc3ccccc3)C2=O)cc1,1.0
195,DISOPYRAMIDE PHOSPHATE,CC(C)N(CC[C@@](C(N)=O)(c1ccccc1)c1ccccn1)C(C)C,1.0
196,PAPAVERINE,COc1ccc(Cc2nccc3cc(OC)c(OC)cc23)cc1OC,1.0
197,NEFERINE,COc1ccc(C[C@@H]2c3cc(Oc4cc(C[C@@H]5c6cc(OC)c(OC)cc6CCN5C)ccc4O)c(OC)cc3CCN2C)cc1,1.0
198,BUPRENORPHINE,CO[C@]12CC[C@@]3(C[C@@H]1[C@@](C)(O)C(C)(C)C)[C@H]1Cc4ccc(O)c5c4[C@@]3(CC[NH+]1CC1CC1)[C@H]2O5,1.0
199,PERHEXILENE,C1CCC(C(C[C@H]2CCCC[NH2+]2)C2CCCCC2)CC1,1.0
200,WOMBAT18,CSc1ncccc1C(=O)N1CC[C@@H]([NH2+]Cc2cncn2Cc2ccc(C#N)cc2)C1=O,1.0
201,SERTRALINE,C[NH2+][C@H]1CC[C@@H](c2ccc(Cl)c(Cl)c2)c2ccccc21,1.0
202,LUMEFANTRINE,CCCC[NH+](CCCC)C[C@H](O)c1cc(Cl)cc2c1-c1ccc(Cl)cc1/C2=C\c1ccc(Cl)cc1,1.0
203,RITONAVIR,CC(C)c1nc(CN(C)C(=O)N[C@H](C(=O)N[C@@H](Cc2ccccc2)C[C@H](O)[C@H](Cc2ccccc2)NC(=O)OCc2cncs2)C(C)C)cs1,1.0
204,WOMBAT35,COC(=O)c1[nH]c2cc(F)ccc2c1[C@@H]1C[NH2+]CC[C@H]1F,1.0
205,BMCL-16-2006-17782-15,CC(C)[C@H](N)C(=O)N1CC(c2cc(F)ccc2F)=C[C@@H]1c1cccc(O)c1,1.0
206,JMC20066569-52,COc1ccc(CN2CCC(NC(=O)c3cc(=O)c4ccc(F)cc4o3)CC2)cc1F,1.0
207,LOPINAVIR,Cc1cccc(C)c1OCC(=O)N[C@H](Cc1ccccc1)[C@H](O)C[C@@H](Cc1ccccc1)NC(=O)[C@@H](C(C)C)N1CCCNC1=O,1.0
208,SILODOSIN,C[C@H](Cc1cc2c(c(C(N)=O)c1)N(CCCO)CC2)NCCOc1ccccc1OCC(F)(F)F,1.0
209,ICI-118551,Cc1ccc(OC[C@H](O)[C@H](C)NC(C)C)c2c1CCC2,1.0
210,WOMBAT05,C[NH+]1CCC[C@H](c2c(-c3ccccc3)[nH]c3ccccc23)C1,1.0
211,AMITRIPTYLINE,C[NH+](C)CCC=C1c2ccccc2CCc2ccccc21,1.0
212,CELECOXIB,Cc1ccc(-c2cc(C(F)(F)F)nn2-c2ccc(S(N)(=O)=O)cc2)cc1,1.0
213,FAMOTIDINE,NC(N)=[NH+]c1nc(CSCC/C(N)=[NH+]/S(N)(=O)=O)cs1,1.0
214,HMR-1556,CN([C@@H]1c2cc(OCCCC(F)(F)F)ccc2OC(C)(C)[C@H]1O)S(C)(=O)=O,1.0
215,HY-2901,CC(C)(CN1CCC(=C2c3ccc(F)cc3COc3ccccc32)CC1)C(=O)O,1.0
216,ISOBUTYLMETHYLXANTHINE,CC(C)Cn1c(=O)n(C)c(=O)c2[nH]cnc21,1.0
217,MEXILETINE,Cc1cccc(C)c1OC[C@@H](C)[NH3+],1.0
218,N-{(1S)-2-[(3S)-3-HYDROXYPYRROLIDIN-1-YL]-1-PHENYLETHYL}-N-METHYL-2-(4-{[(METHYLSULFONYL)AMINO]METHYL}PHENYL)ACETAMIDE,CN(C(=O)Cc1ccc(CNS(C)(=O)=O)cc1)[C@@H](CN1CC[C@@H](O)C1)c1ccccc1,1.0
219,SERTINDOLE2,O=C1NCCN1CC[NH+]1CC=C(c2cn(-c3ccc(F)cc3)c3ccc(Cl)cc23)CC1,1.0
220,TRIMETHAPHAN,O=C1N(Cc2ccccc2)[C@H]2[C@H](C[S+]3CCC[C@H]23)N1Cc1ccccc1,1.0
221,WOMBAT25,Cc1ncccc1C(=O)N1CC[C@H]([NH2+]Cc2cncn2Cc2ccc(C#N)cc2)C1=O,1.0
222,"1-{4-[2-({4-[(2,3-DIMETHYL-1H-INDOL-5-YL)OXY]-6-METHOXYQUINAZOLIN-7-YL}OXY)ETHYL]PIPERAZIN-1-YL}PROPAN-2-ONE",COc1cc2c(Oc3ccc4[nH]c(C)c(C)c4c3)ncnc2cc1OCCN1CCN(CC(C)=O)CC1,1.0
223,BUDIPINE,CC(C)(C)N1CCC(c2ccccc2)(c2ccccc2)CC1,1.0
224,JMC20066569-46,COc1cccc(CN2CCC(NC(=O)c3cc(=O)c4ccc(F)cc4o3)CC2)c1,1.0
225,JMC20066569-34,O=C(NC1CCN(Cc2ccc3c(c2)OCO3)CC1)c1cc(=O)c2cc(F)c(Cl)cc2o1,1.0
226,AMINOMETHYL TETRAHYDRONAPHTHALENE KETOPIPERAZINE 4E,O=C1CN(CCc2ccc(F)cc2)CCN1[C@H]1CCc2cc(CN3CCCCC3)ccc2C1,1.0
227,JMC20066569-2,COc1ccc2c(=O)cc(C(=O)NC3CCN(Cc4ccc5c(c4)OCO5)CC3)oc2c1,1.0
228,"1,4-DIHYDROINDENO[1,2-C]PYRAZOL_90",COCCOCC#Cc1cc(-c2n[nH]c3c2Cc2ccc(Cn4cncn4)cc2-3)cs1,1.0
229,NORACETYLMETHADOL,CC[C@@H](O)C(C[C@@H](C)NC)(c1ccccc1)c1ccccc1,1.0
230,JMC20066569-44,O=C(NC1CCN(Cc2ccc3c(c2)OCCO3)CC1)c1cc(=O)c2ccc(F)cc2o1,1.0
231,SB-237376,COc1ccc(CCNCCCNC(=O)c2ccc([N+](=O)[O-])cc2)cc1OC,1.0
232,LOVASTATIN,CC[C@@H](C)C(=O)O[C@@H]1C[C@@H](C)C=C2C=C[C@@H](C)[C@@H](CC[C@@H]3C[C@@H](O)CC(=O)O3)[C@H]21,1.0
233,VARDENAFIL,CCCc1nc(C)c2c(=O)nc(-c3cc(S(=O)(=O)N4CC[NH+](CC)CC4)ccc3OCC)[nH]n12,1.0
234,AMINOMETHYL TETRAHYDRONAPHTHALENE KETOPIPERAZINE 4F,CS(=O)(=O)N1CCN(Cc2ccc3c(c2)CC[C@H](N2CCN(CCc4ccc(F)cc4)CC2=O)C3)CC1,1.0
235,JMC20066569-43,O=C(NC1CCN(Cc2cc3c(cc2Cl)OCO3)CC1)c1cc(=O)c2ccc(F)cc2o1,1.0
236,"2-METHYL-7-({1-[4-(TRIFLUOROMETHYL)PHENYL]CYCLOPROPYL}METHYL)IMIDAZO[1,2-A]PYRAZIN-8(7H)-ONE HYDROCHLORIDE",Cc1cn2ccn(CC3(c4ccc(C(F)(F)F)cc4)CC3)c(=O)c2n1,1.0
237,N-DEMETHYLOLANZAPINE,Cc1cc2c(s1)Nc1ccccc1N=C2N1CCNCC1,1.0
238,WOMBAT17,CCSc1ncccc1C(=O)N1CC[C@@H]([NH2+]Cc2cncn2Cc2ccc(C#N)cc2)C1=O,1.0
239,RANOLAZINE,COc1ccccc1OC[C@H](O)C[NH+]1CC[NH+](CC(=O)Nc2c(C)cccc2C)CC1,1.0
240,SAQUINAVIR,CC(C)(C)NC(=O)[C@@H]1C[C@@H]2CCCC[C@@H]2C[NH+]1C[C@@H](O)[C@H](Cc1ccccc1)NC(=O)[C@H](CC(N)=O)NC(=O)c1ccc2ccccc2n1,1.0
241,BMCL20031829_20,CCC(O)(CC)c1cn(-c2ccc(F)cc2)c2ccc(Cl)cc12,1.0
242,SIBUTRAMINE,CC(C)C[C@@H]([NH+](C)C)C1(c2ccc(Cl)cc2)CCC1,1.0
243,JMC20066569-35,COc1cc2oc(C(=O)NC3CCN(Cc4ccc5c(c4)OCO5)CC3)cc(=O)c2cc1F,1.0
244,TERAZOSIN,COc1cc2nc(N3CCN(C(=O)[C@@H]4CCCO4)CC3)nc(N)c2cc1OC,1.0
245,DILTIAZEM,COc1ccc([C@@H]2Sc3ccccc3N(CC[NH+](C)C)C(=O)[C@@H]2OC(C)=O)cc1,1.0
246,FEXOFENADINE HYDROCHLORIDE,CC(C)(C(=O)O)c1ccc([C@H](O)CCCN2CCC(C(O)(c3ccccc3)c3ccccc3)CC2)cc1,1.0
247,CAPSAICIN,COc1cc(CNC(=O)CCCC/C=C/C(C)C)ccc1O,1.0
248,BMCL-16-2006-17782-17,O=C([C@@H](O)C1CC1)N1CC(c2cc(F)ccc2F)=C[C@H]1c1cccc(O)c1,1.0
249,SPARFLOXACIN,C[C@H]1CN(c2c(F)c(N)c3c(c2F)[N+](C2CC2)=C[C@@H](C(=O)[O-])C3=O)C[C@@H](C)[NH2+]1,1.0
250,"4,4'-DIMETHYLDIPHENHYDRAMINE",CN(C)CCOC(c1ccccc1)c1ccccc1,1.0
251,CHROMANOLOL 293B,CCS(=O)(=O)N(C)[C@H]1c2cc(C#N)ccc2OC(C)(C)[C@@H]1O,1.0
252,"5-CHLORO-N-[3-(10,11-DIHYDRO-5H-DIBENZO[B,F]AZEPIN-5-YL)PROPYL]-N-METHYL-1-BENZOFURAN-2-CARBOXAMIDE",CN(CCCN1c2ccccc2CCc2ccccc21)C(=O)c1cc2cc(Cl)ccc2o1,1.0
253,JMC20066569-53,CC(=O)c1ccc(CN2CCC(NC(=O)c3cc(=O)c4ccc(F)cc4o3)CC2)cc1,1.0
254,ROPIVACAINEHCL,CCCOC(C(=O)OC1CCN(C)CC1)(c1ccccc1)c1ccccc1.Cl,1.0
255,PILSICAINIDE,Cc1cccc(C)c1NC(=O)CC12CCC[NH+]1CCC2,1.0
256,LEVOBUPIVACAINE HYDROCHLORIDE,CCCCN1CCCC[C@@H]1C(=O)Nc1c(C)cccc1C,1.0
257,CHLORPHENIRAMINE,C[NH+](C)CC[C@H](c1ccc(Cl)cc1)c1ccccn1,1.0
258,WOMBAT14,CC(C)Oc1cc([C@H](C2=CN[C@@H](C(O)(C(F)(F)F)C(F)(F)F)S2)c2cc[n+]([O-])cc2)ccc1OC(F)F,1.0
259,WOMBAT22,COc1ncccc1C(=O)N1CC[C@H]([NH2+]Cc2cncn2Cc2ccc(C#N)cc2)C1=O,1.0
260,WOMBAT43,CC(C)(O)[C@H]1C=CC([C@H](c2cc[n+](O)cc2)c2ccc(OC(F)F)c(OC3CCC3)c2)=CN1,1.0
261,PROCHLORPERAZINE,C[NH+]1CC[NH+](CCCN2c3ccccc3Sc3ccc(Cl)cc32)CC1,1.0
262,WOMBAT44,CC(C)(O)[C@H]1C=CC([C@H](c2cc[n+]([O-])cc2)c2ccc(OC(F)F)c(OC(F)F)c2)=CN1,1.0
263,CIBENZOLINE,c1ccc(C2(c3ccccc3)C[C@H]2C2=[NH+]CCN2)cc1,1.0
264,SERTINDOLE13,O=C1NCCN1CC[NH+]1CCC(c2cn(-c3ccc(F)cc3)c3ccccc23)CC1,1.0
265,ROPIVACAINE HYDROCHLORIDE,CCCN1CCCC[C@@H]1C(=O)Nc1c(C)cccc1C,1.0
266,AMINOMETHYL TETRAHYDRONAPHTHALENE KETOPIPERAZINE 4G,O=C1CN(CCc2ccc(F)cc2)CCN1[C@H]1CCc2cc(CN3CCS(=O)(=O)CC3)ccc2C1,1.0
267,ATI-7505,COc1cc(N)c(Cl)cc1C(=O)N[C@@H]1CCN(CCCCCC(=O)O[C@@H]2CN3CCC2CC3)C[C@@H]1OC,1.0
268,AMINOMETHYL TETRAHYDRONAPHTHALENE KETOPIPERAZINE 4I,CN(C)C(=O)[C@@H](CO)N(C)Cc1ccc2c(c1)CC[C@H](N1CCN(CCc3ccc(F)cc3)CC1=O)C2,1.0
269,WOMBAT51,CC(C)(C)Oc1cc([C@H](C2=CN[C@@H](C(C)(C)O)C=C2)c2cc[n+]([O-])cc2)ccc1OC(F)F,1.0
270,ZAFIRLUKAST,COc1cc(C(=O)N=S(=O)([O-])c2ccccc2C)ccc1Cc1cn(C)c2ccc(NC(=O)OC3CCCC3)cc12,1.0
271,OXYBUTYNIN,CC[NH+](CC)CC#CCOC(=O)[C@@](O)(c1ccccc1)C1CCCCC1,1.0
272,WOMBAT45,CC(C)(O)[C@H]1C=CC([C@@H](c2cc[n+]([O-])cc2)c2ccc(OC(F)F)c(OC(F)F)c2)=CN1,1.0
273,"3-BROMO-2-METHYL-7-[(1-PHENYLCYCLOPROPYL)METHYL]IMIDAZO[1,2-A]PYRAZIN-8(7H)-ONE HYDROCHLORIDE",Cc1nc2c(=O)n(CC3(c4ccccc4)CC3)ccn2c1Br,1.0
274,BMCL20031829_16,CN(C)Cc1cc2cc(Cl)ccc2n1-c1ccc(F)cc1,1.0
275,DIPHENHYDRAMINE,C[NH+](C)CCOC(c1ccccc1)c1ccccc1,1.0
276,CETIRIZINE,O=C([O-])COCC[NH+]1CC[NH+]([C@H](c2ccccc2)c2ccc(Cl)cc2)CC1,1.0
277,BMCL-16-2006-17782-19,CN(C)C(=O)N1CC(c2cc(F)ccc2F)=C[C@@H]1c1cccc(O)c1,1.0
278,SERTINDOLE8,COCc1ccc(-n2cc(C3CC[NH+](CCN4CCNC4=O)CC3)c3cc(Cl)ccc32)cc1,1.0
279,ROXITHROMYCIN,CC[C@H]1OC(=O)[C@@H](C)[C@@H](O[C@H]2C[C@@](C)(OC)[C@@H](O)[C@H](C)O2)[C@H](C)[C@@H](O[C@@H]2O[C@H](C)C[C@H]([NH+](C)C)[C@@H]2O)[C@](C)(O)C[C@@H](C)/C(=N/OCOCCOC)[C@H](C)[C@@H](O)[C@]1(C)O,1.0
280,WOMBAT16,CC(C)Oc1cc([C@@H](C2=CN[C@@H](C(O)(C(F)(F)F)C(F)(F)F)S2)c2ccc[n+]([O-])c2)ccc1OC(F)F,1.0
281,PROCAINE,CCN(CC)CCOC(=O)c1ccc(N)cc1.CN(C)CCCN1c2ccccc2CCc2ccc(Cl)cc21,1.0
282,WOMBAT47,CC(C)Oc1cc([C@H](C2=CN[C@@H](C(C)(C)O)C=C2)c2cc[n+]([O-])cc2)ccc1OC(F)F,0.0
283,WOMBAT48,CC(C)Oc1cc([C@H](C2=CN[C@@H](C(C)(C)O)C=C2)c2ccc[n+]([O-])c2)ccc1OC(F)F,0.0
284,MARAVIROC,Cc1nnc(C(C)C)n1C1C[C@@H]2CC[C@H](C1)N2CC[C@H](NC(=O)C1CCC(F)(F)CC1)c1ccccc1,0.0
285,WOMBAT50,CC(C)Oc1cc([C@@H](C2=CN[C@@H](C(C)(C)O)C=C2)c2ccc[n+]([O-])c2)ccc1OC(F)F,0.0
286,BICIFADINE,Cc1ccc([C@@]23CNC[C@@H]2C3)cc1,0.0
287,JMC20066569-54,CC(=O)Nc1ccc(CN2CCC(NC(=O)c3cc(=O)c4ccc(F)cc4o3)CC2)cc1,0.0
288,EDDP,CCOP(=O)(Sc1ccccc1)Sc1ccccc1,0.0
289,SEMATILIDE,CC[NH+](CC)CCNC(=O)c1ccc(NS(C)(=O)=O)cc1,0.0
290,WOMBAT23,N#Cc1ccc(Cn2cncc2C[NH2+][C@H]2CCN(C(=O)c3cccnc3[O-])C2=O)cc1,0.0
291,WOMBAT24,N#Cc1ccc(Cn2cncc2C[NH2+][C@@H]2CCN(C(=O)c3cccnc3N)C2=O)cc1,0.0
292,TRIAZOLAM,Cc1nnc2n1-c1ccc(Cl)cc1C(c1ccccc1Cl)=NC2,0.0
293,ISRADIPINE,COC(=O)C1=C(C)NC(C)=C(C(=O)OC(C)C)[C@H]1c1cccc2nonc12,0.0
294,"1,4-DIHYDROINDENO[1,2-C]PYRAZOL_77",CN1CCN(Cc2ccc3c(c2)Cc2c(-c4csc(C#CCOc5ccccc5)c4)n[nH]c2-3)C(=O)C1,0.0
295,WOMBAT49,CC(C)Oc1cc([C@@H](C2=CCC(=O)N=C2)C2=CN[C@@H](C(C)(C)O)C=C2)ccc1OC(F)F,0.0
296,WOMBAT12,CC(C)(C)Oc1cc([C@H](C2=CN[C@H](C(C)(C)O)S2)c2cc[n+]([O-])cc2)ccc1OC(F)F,0.0
297,CLARITHROMYCIN,CC[C@@H]1OC(=O)[C@@H](C)[C@H](O[C@H]2C[C@@](C)(OC)[C@@H](O)[C@H](C)O2)[C@H](C)[C@@H](O[C@@H]2O[C@H](C)C[C@@H]([NH+](C)C)[C@@H]2O)[C@@](C)(OC)C[C@@H](C)C(=O)[C@@H](C)[C@@H](O)[C@]1(C)O,0.0
298,WOMBAT15,CC(C)(C)Oc1cc([C@H](C2=CN[C@H](C(O)(C(F)(F)F)C(F)(F)F)S2)c2cc[n+]([O-])cc2)ccc1OC(F)F,0.0
299,GREPAFLOXACIN,Cc1c(F)c(N2CC[NH2+][C@H](C)C2)cc2c1C(=O)[C@H](C(=O)[O-])C=[N+]2C1CC1,0.0
300,"4,4'-DIFLUOROBENZOPHENONE",O=C(c1ccc(F)cc1)c1ccc(F)cc1,0.0
301,"4,4-DIFLUOROBENZOPHENONE",O=C(c1ccccc1F)c1ccccc1F,0.0
302,GLIBENCLAMIDE,COc1ccc(Cl)cc1C(=O)NCCc1ccc(S(=O)([O-])=NC(=O)NC2CCCCC2)cc1,0.0
303,GLIMEPIRIDE,CCC1=C(C)CN(C(=O)NCCc2ccc(S(=O)([O-])=NC(=O)NC3CCC(C)CC3)cc2)C1=O,0.0
304,SOTALOL,CC(C)[NH2+]C[C@H](O)c1ccc(NS(C)(=O)=O)cc1,0.0
305,PETHIDINE HYDROCHLORIDE,CCOC(=O)C1(c2ccccc2)CCN(C)CC1,1.0
306,BUPROPION,C[C@@H]([NH2+]C(C)(C)C)C(=O)c1cccc(Cl)c1,0.0
307,MOCLOBEMIDE,O=C(NCCN1CCOCC1)c1ccc(Cl)cc1,0.0
308,ALFUZOSIN,COc1cc2nc(N(C)CCCNC(=O)[C@H]3CCCO3)nc(C)c2cc1OC,0.0
309,"2-METHYL-7-[(1-PHENYLCYCLOPROPYL)METHYL]IMIDAZO[1,2-A]PYRAZIN-8(7H)-ONE HYDROCHLORIDE",Cc1cn2ccn(CC3(c4ccccc4)CC3)c(=O)c2n1,0.0
310,ENALAPRIL NITRATE,CCOC(=O)[C@H](CCc1ccccc1)N[C@@H](C)C(=O)N1CCC[C@H]1C(=O)O,0.0
311,TADAFIL,CN1CC(=O)N2[C@@H](c3ccc4c(c3)OCO4)c3[nH]c4ccccc4c3C[C@@H]2C1=O,0.0
312,TADALAFIL,CN1CC(=O)N2[C@H](Cc3c([nH]c4ccccc34)[C@H]2c2ccc3c(c2)OCO3)C1=O,0.0
313,JOSAMYCIN,CO[C@@H]1[C@H](OC(C)=O)CC(=O)O[C@H](C)C/C=C\C=C\[C@H](O)[C@H](C)C[C@H](CC=O)[C@H]1O[C@H]1O[C@H](C)[C@H](O[C@@H]2C[C@@](C)(O)[C@H](OC(=O)CC(C)C)[C@@H](C)O2)[C@H]([NH+](C)C)[C@H]1O,0.0
314,CANRENOIC,C[C@@]12CCC(=O)C=C1C=C[C@@H]1[C@H]2CC[C@]2(C)[C@@H]1CC[C@]2(O)CCC(=O)[O-],0.0
315,CANRENOIC_ACID,C[C@]12CC[C@@H]3[C@@H](C=CC4=CC(=O)CC[C@@]43C)[C@H]1CC[C@@]2(O)CCC(=O)O,0.0
316,TAMSULOSIN,CCOc1ccccc1OCC[NH2+][C@H](C)Cc1ccc(OC)c(S(N)(=O)=O)c1,0.0
317,ARTEMISIN,CC1=C2[C@@H]3OC(=O)[C@@H](C)[C@@H]3[C@H](O)C[C@]2(C)C=CC1=O,0.0
318,MORIN,O=c1c(O)c(-c2ccc(O)cc2O)oc2cc(O)cc(O)c12,0.0
319,NITRENDIPINE,CCOC(=O)C1=C(C)NC(C)=C(C(=O)OC)[C@H]1c1cccc([N+](=O)[O-])c1,0.0
320,GATIFLOXACIN,COc1c(N2CC[NH2+][C@H](C)C2)c(F)cc2c1[N+](C1CC1)=C[C@@H](C(=O)[O-])C2=O,0.0
321,MOXIFLOXACIN,COc1c(N2C[C@H]3CCC[NH2+][C@H]3C2)c(F)cc2c1[N+](C1CC1)=C[C@@H](C(=O)[O-])C2=O,0.0
322,SERTINDOLE7,COCCc1ccc(-n2cc(C3CC[NH+](CCN4CCNC4=O)CC3)c3cc(Cl)ccc32)cc1,0.0
323,PENTOBARBITAL,CCC[C@@H](C)C1(CC)C(=O)NC(=O)NC1=O,0.0
324,CLOZAPINE_N_OXYDE,C[NH+]1CC[NH+]([C@@H]2c3ccccc3Nc3ccc(Cl)cc3N2O)CC1,0.0
325,PROCAINAMIDE HYDROCHLORIDE,CCN(CC)CCNC(=O)c1ccc(N)cc1,0.0
326,METOPROLOL,COCCc1ccc(OC[C@H](O)C[NH2+]C(C)C)cc1,0.0
327,N-DEMETHYL-ERYTHROMYCIN,CC[C@H]1OC(=O)[C@@H](C)[C@@H](O[C@H]2C[C@@](C)(OC)[C@@H](O)[C@H](C)O2)[C@H](C)[C@@H](O[C@@H]2O[C@H](C)C[C@H]([NH2+]C)[C@@H]2O)[C@](C)(O)C[C@@H](C)C(=O)[C@H](C)[C@@H](O)[C@]1(C)O,0.0
328,N-DESMETHYLERYTHROMYCIN,CC[C@H]1OC(=O)[C@H](C)[C@H](O[C@H]2C[C@@](C)(O)[C@H](O)[C@@H](C)O2)[C@@H](C)[C@H](O[C@H]2O[C@H](C)C[C@@H]([NH+](C)C)[C@H]2O)[C@](C)(O)C[C@@H](C)C(=O)[C@H](C)[C@@H](O)[C@@]1(C)O,0.0
329,SITAGLIPTIN,N[C@@H](CC(=O)N1CCn2c(nnc2C(F)(F)F)C1)Cc1cc(F)c(F)cc1F,0.0
330,N-DEMETHYLERYTHROMYCIN,CC[C@H]1OC(=O)[C@H](C)[C@@H](O[C@H]2C[C@@](C)(O)[C@@H](O)[C@H](C)O2)[C@H](C)[C@@H](O[C@@H]2O[C@H](C)C[C@H](N(C)C)[C@H]2O)[C@](C)(O)C[C@@H](C)C(=O)[C@H](C)[C@@H](O)[C@]1(C)O,0.0
331,MEPIVACAINE (RACEMATE),Cc1cccc(C)c1NC(=O)[C@@H]1CCCCN1C,0.0
332,PROTOPINE,C[NH+]1CCc2cc3c(cc2C(=O)Cc2ccc4c(c2C1)OCO4)OCO3,0.0
333,EPINASTINE,NC1=[NH+]C[C@H]2c3ccccc3Cc3ccccc3N12,0.0
334,METHYLECGONIDINE,COC(=O)C1=CC[C@@H]2CC[C@@H]1[NH+]2C,0.0
335,IRBESARTAN,CCCCC1=NC2(CCCC2)C(=O)N1Cc1ccc(-c2ccccc2-c2nn[n-]n2)cc1,0.0
336,SERTINDOLE14,Fc1ccc(-n2cc(C3CC[NH2+]CC3)c3cc(Cl)ccc32)cc1,0.0
337,DW-224A,CO/N=C1\CN(c2nc3c(cc2F)C(=O)[C@H](C(=O)O)CN3C2CC2)CC12CNC2,0.0
338,ARTICAINE,CCCN[C@@H](C)C(=O)Nc1c(C)csc1C(=O)OC,0.0
339,TRIMETHOPRIM,COc1cc(Cc2cnc(N)nc2N)cc(OC)c1OC,0.0
340,N-DEPROPYLPROPAFENONE,NC[C@@H](O)COc1ccccc1C(=O)CCc1ccccc1,0.0
341,PHENYTOIN,O=C1NC(=O)C(c2ccccc2)(c2ccccc2)N1,0.0
342,NICOTINE,C[NH+]1CCC[C@@H]1c1cccnc1,0.0
343,LIGNOCAINE,CCN(CC)CC(=O)Nc1c(C)cccc1C,0.0
344,ERYTHROMYCYLAMINE,CC[C@H]1OC(=O)[C@@H](C)[C@@H](O[C@H]2C[C@@](C)(OC)[C@@H](O)[C@H](C)O2)[C@H](C)[C@@H](O[C@@H]2O[C@H](C)C[C@H]([NH+](C)C)[C@@H]2O)[C@@](C)(O)C[C@@H](C)[C@H]([NH3+])[C@H](C)[C@@H](O)[C@]1(C)O,0.0
345,INDOMETHACIN,COc1ccc2c(c1)c(CC(=O)[O-])c(C)n2C(=O)c1ccc(Cl)cc1,0.0
346,M-43068,CC(C)(NC(=O)c1ccc(O)cc1)C(=O)O,0.0
347,CODEINE,COc1ccc2c3c1O[C@H]1[C@@H](O)C=C[C@H]4[C@@H](C2)[NH+](C)CC[C@]314,0.0
348,OLEANDOMYCIN,CO[C@@H]1C[C@H](O[C@H]2[C@H](C)C(=O)O[C@H](C)[C@H](C)[C@@H](O)[C@@H](C)C(=O)[C@]3(CO3)C[C@@H](C)[C@@H](O[C@H]3O[C@H](C)C[C@@H]([NH+](C)C)[C@@H]3O)[C@H]2C)O[C@H](C)[C@H]1O,0.0
349,PRULIFLOXACIN,Cc1oc(=O)oc1CN1CCN(c2cc3c(cc2F)c(=O)c(C(=O)O)c2n3[C@@H](C)S2)CC1,0.0
350,HEROIN,CC(=O)Oc1ccc2c3c1O[C@H]1[C@@H](OC(C)=O)C=C[C@H]4[C@@H](C2)N(C)CC[C@]314,0.0
351,SERTINDOLE11,CC(C)(O)c1ccc([C@H](O)CCC[NH+]2CCC(C(O)(c3ccccc3)c3ccccc3)CC2)cc1,0.0
352,ANTOFLOXACIN,CC1CCN(c2c(F)c(N)c3c4c2OC[C@@H](C)[C@@H]4C=C(C(=O)O)C3=O)CC1,0.0
353,SERTINDOLE4,O=C1NCCN1CC[NH+]1CCC(c2cn(-c3ccc(CCO)cc3)c3ccc(Cl)cc23)CC1,0.0
354,AF3013,C[C@H]1Sc2c(C(=O)O)c(=O)c3cc(F)c(N4CCNCC4)cc3n21,0.0
355,CIPROFLOXACIN,O=C([O-])C1=C[N+](C2CC2)=C2C=C(N3CC[NH2+]CC3)C(F)=C[C@H]2C1=O,0.0
356,ATENOLOL (RACEMATE),CC(C)[NH2+]C[C@@H](O)COc1ccc(CC(N)=O)cc1,0.0
357,MORPHINE,C[NH+]1CC[C@]23c4c5ccc(O)c4O[C@@H]2[C@@H](O)C=C[C@H]3[C@H]1C5,0.0
358,OFLOXACIN,C[C@@H]1COc2c(N3CC[NH+](C)CC3)c(F)cc3c(=O)c(C(=O)[O-])cn1c23,0.0
359,METHYLNALTREXONE,C[N@@+]1(CC2CC2)CC[C@]23c4c5ccc(O)c4O[C@H]2C(=O)CC[C@@]3(O)[C@H]1C5,0.0
360,SERTINDOLE19,CCC(=O)c1cn(-c2ccc(F)cc2)c2ccc(Cl)cc12,0.0
361,LOMEFLOXACIN,CCn1cc(C(=O)[O-])c(=O)c2cc(F)c(N3CC[NH2+][C@H](C)C3)c(F)c21,0.0
362,CARBAMAZEPINE,NC(=O)N1c2ccccc2C=Cc2ccccc21,0.0
363,PHENOBARBITAL,CCC1(c2ccccc2)C(=O)NC(=O)NC1=O,0.0
364,SERTINDOLE22,CCc1cn(-c2ccc(F)cc2)c2ccc(Cl)cc12,0.0
365,4-AMINOPYRIDINE,Nc1ccncc1,0.0
366,SERTINDOLE18,C[C@H](O)c1cn(-c2ccc(F)cc2)c2ccc(Cl)cc12,0.0
367,ECGONINE_METHYL_ESTER,COC(=O)[C@H]1[C@@H](O)C[C@H]2CC[C@@H]1[NH+]2C,0.0
368,CIMETIDINE,CN/C(NCCSCc1[nH]cnc1C)=[NH+]\C#N,0.0
369,SULFAMETHOXAZOLE,Cc1cc(NS(=O)(=O)c2ccc(N)cc2)no1,0.0
370,SERTINDOLE5,O=C([O-])c1ccc(-n2cc(C3CC[NH+](CCN4CCNC4=O)CC3)c3cc(Cl)ccc32)cc1,0.0
371,RALTEGRAVIR,Cc1nnc(C(=O)NC(C)(C)C2=N/C(=C(\O)NCc3ccc(F)cc3)C(=O)C(=O)N2C)o1,0.0
372,DOXYLAMINE,C[NH+](C)CCO[C@](C)(c1ccccc1)c1ccccn1,0.0
373,SIMVASTATIN,CCC(C)(C)C(=O)O[C@H]1C[C@@H](C)C=C2C=C[C@H](C)[C@H](CC[C@@H]3C[C@@H](O)CC(=O)O3)[C@H]21,0.0
374,OXYCODONE,COc1ccc2c3c1O[C@H]1C(=O)CC[C@@]4(O)[C@@H](C2)[NH+](C)CC[C@]314,0.0
375,VALSARTAN,CCCCC(=O)N(Cc1ccc(-c2ccccc2-c2nn[n-]n2)cc1)[C@H](C(=O)[O-])C(C)C,0.0
376,MISOPROSTOL,CCCC[C@](C)(O)C/C=C/[C@H]1[C@H](O)CC(=O)[C@@H]1CCCCCCC(=O)OC,0.0
377,ALVIMOPAN,C[C@H]1CN(C[C@H](Cc2ccccc2)C(=O)NCC(=O)O)CC[C@@]1(C)c1cccc(O)c1,0.0
378,DELAVIRDINE,CC(C)Nc1cccnc1N1CCN(C(=O)C2=CC3=C[C@H](NS(C)(=O)=O)C=CC3=N2)CC1,0.0
379,GLIPIZIDE,Cc1cnc(C(=O)NCCc2ccc(S(=O)([O-])=NC(=O)NC3CCCCC3)cc2)cn1,0.0
380,PIOGLITAZONE,CCc1ccc(CCOc2ccc(C[C@H]3SC(=O)NC3=O)cc2)nc1,0.0
381,ETHIONAMIDE,CCc1cc(C(N)=S)ccn1,0.0
382,TACRINE,Nc1c2c(nc3ccccc13)CCCC2,0.0
383,LETROZOLE,N#Cc1ccc(C(c2ccc(C#N)cc2)n2cncn2)cc1,0.0
384,ANASTROZOLE,CC(C)(C#N)c1cc(Cn2cncn2)cc(C(C)(C)C#N)c1,0.0
385,DANTROLENE,O=C1CN(/N=C/c2ccc(-c3ccc([N+](=O)[O-])cc3)o2)C(=O)N1,0.0
386,DANAZOL,C#C[C@]1(O)CC[C@H]2[C@@H]3CCC4=Cc5oncc5C[C@]4(C)[C@H]3CC[C@@]21C,0.0
387,MELOXICAM,Cc1cnc(NC(=O)C2=C(O)c3ccccc3S(=O)(=O)N2C)s1,0.0
388,ACETAZOLAMIDE,CC(=O)Nc1nnc(S(N)(=O)=O)s1,0.0
389,PRAMIPEXOLE,CCC[NH2+][C@H]1CCc2nc(N)sc2C1,0.0
390,RALOXIFENE,O=C(c1ccc(OCC[NH+]2CCCCC2)cc1)c1c(-c2ccc(O)cc2)sc2cc(O)ccc12,0.0
391,C(CC(=NO)N)C(=NO)N,N/C(CC/C(N)=N/O)=N\O,0.0
392,C(CC1=NC(=NC(=N1)N)N)CC2=NC(=NC(=N2)N)N,Nc1nc(N)nc(CCCc2nc(N)nc(N)n2)n1,0.0
393,C(CCC1=NC(=NC(=N1)N)N)CC2=NC(=NC(=N2)N)N,Nc1nc(N)nc(CCCCc2nc(N)nc(N)n2)n1,0.0
394,C(CN(CC(=O)O)CC(=O)O)N(CC(=O)O)CC(=O)O.[Mn+2],O=C(O)CN(CCN(CC(=O)O)CC(=O)O)CC(=O)O.[Mn+2],0.0
395,C(CNC(=S)S)N,NCCNC(=S)S,0.0
396,C(CNCC(=O)O)C(=O)O,O=C(O)CCNCC(=O)O,0.0
397,C(CNCC(CO)O)N,NCCNC[C@@H](O)CO,0.0
398,C(CSCCN)C(=O)O,NCCSCCC(=O)O,0.0
399,C(CSS(=O)(=O)CCN)N,NCCSS(=O)(=O)CCN,0.0
400,C(NC1=C(N(C(=N)N=C1N)O)N)O,N=c1nc(N)c(NCO)c(N)n1O,0.0
401,,O=C(O)CCC(O)=C1S(=O)(=O)OCCOS1(=O)=O.[H-].[Na+],0.0
402,,CC[C@@](O)(C(=O)O)c1cc2n(c(=O)c1CO)Cc1cc3ccccc3nc1-2.[H-].[Na+],0.0
403,,C#CCOCCCC(=O)O,0.0
404,,C#CCSc1n[nH]c(-c2ccco2)n1,0.0
405,,[N-]=[N+]=NCC(N)=O,0.0
406,,O=C(O)CNC(=O)[C@@H]1NC(C(F)(F)F)(C(F)(F)F)OC1(C(F)(F)F)C(F)(F)F,0.0
407,,Nc1[nH]c(SCC(=O)O)nc(=O)c1N,0.0
408,,NC(=O)C[C@@H](N)C(N)=O,0.0
409,,N[C@H](CNO)C(=O)O,0.0
410,,NC(=O)C[C@@H](N)c1nn[nH]n1,0.0
411,,NC[C@@H](O)CSP(=O)(O)O,0.0
412,,O=c1[nH]c(SCc2c(Cl)c(Cl)c(Cl)c(Cl)c2Cl)nc(=S)[nH]1,0.0
413,,Nc1nc(N)nc(CC(=O)O)n1,0.0
414,,N[C@H](Cc1nn[nH]n1)C(=O)O,0.0
415,MOSAPRIDE,CCOc1cc(N)c(Cl)cc1C(=O)NCC1C[NH+](Cc2ccc(F)cc2)CCO1,1.0
416,NORTRIPTYLINE,C[NH2+]CCC=C1c2ccccc2CCc2ccccc21,1.0
417,ONDANSETRON,Cc1nccn1CC1CCc2c(c3ccccc3n2C)C1=O,1.0
418,OPC18790,COc1ccc(C[NH2+]CC(O)COc2ccc3[nH]c(=O)ccc3c2)cc1OC,1.0
419,OXYBUTYNIN,CC[NH+](CC)CC#CCOC(=O)C(O)(c1ccccc1)C1CCCCC1,1.0
420,PERGOLIDE,CCC[NH+]1C[C@H](CSC)C[C@@H]2c3cccc4c3C(C=N4)C[C@H]21,1.0
421,PERHEXILENE,C1CCC(C(C[C@@H]2CCCC[NH2+]2)C2CCCCC2)CC1,1.0
422,PRENYLAMINE,CC(Cc1ccccc1)[NH2+]CCC(c1ccccc1)c1ccccc1,1.0
423,PROCAINAMIDE,CC[NH+](CC)CCNC(=O)c1ccc(N)cc1,1.0
424,PROMETHAZINE,CC(CN1c2ccccc2Sc2ccccc21)[NH+](C)C,1.0
425,PROPAFENONE,CCC[NH2+]CC(O)COc1ccccc1C(=O)CCc1ccccc1,1.0
426,PROPIONYLPROCAINAMIDE-N,CCC(=O)NC(=O)c1ccc(N)cc1CC[NH+](CC)CC,1.0
427,PROPRANOLOL,CC(C)[NH2+]CC(O)COc1cccc2ccccc12,1.0
428,ROXITHROMYCIN,CC[C@H]1OC(=O)[C@H](C)[C@@H](O[C@H]2C[C@@](C)(OC)[C@@H](O)[C@H](C)O2)[C@H](C)[C@@H](O[C@@H]2O[C@H](C)C[C@H]([NH+](C)C)[C@H]2O)[C@](C)(O)C[C@@H](C)/C(=N/OCOCCOC)[C@H](C)[C@@H](O)[C@]1(C)O,1.0
429,SUFENTANIL,CCC(=O)N(c1ccccc1)C1(COC)CC[NH+](CCc2cccs2)CC1,1.0
430,TERODILINE,CC(CC(c1ccccc1)c1ccccc1)[NH2+]C(C)(C)C,1.0
431,THIOPENTAL,CCCC(C)C1(CC)C(=O)NC(=S)NC1=O,1.0
432,THIORIDAZINE,CSc1ccc2c(c1)N(CC[C@H]1CCCC[N@@H+]1C)c1ccccc1S2,1.0
433,VENLAFAXINE,COc1ccc(C(C[NH+](C)C)C2(O)CCCCC2)cc1,1.0
434,buprenorphine,COC12CCC3(CC1C(C)(O)C(C)(C)C)C1Cc4ccc(O)c5c4C3(CC[NH+]1CC1CC1)C2O5,1.0
435,cibenzoline,c1ccc(C2(c3ccccc3)CC2C2=[NH+]CCN2)cc1,1.0
436,cyamemazin,CC(CN1c2ccccc2Sc2ccc(C#N)cc21)C[NH+](C)C,1.0
437,lopinavir,Cc1cccc(C)c1OCC(=O)NC(Cc1ccccc1)C(O)CC(Cc1ccccc1)NC(=O)C(C(C)C)N1CCCNC1=O,1.0
438,lovastatin,CCC(C)C(=O)OC1CC(C)C=C2C=CC(C)C(CCC3CC(O)CC(=O)O3)C21,1.0
439,norpropoxyphene,CCC(=O)OC(Cc1ccccc1)(c1ccccc1)C(C)C[NH2+]C,1.0
440,norverapamil,COc1ccc(CC[NH2+]CCCC(C#N)(c2ccc(OC)c(OC)c2)C(C)C)cc1OC,1.0
441,ranolazine,COc1ccccc1OCC(O)C[NH+]1CC[NH+](CC(=O)Nc2c(C)cccc2C)CC1,1.0
442,PRIMIDONE,CCC1(c2ccccc2)C(=O)NCNC1=O,0.0
443,PROCARBAZINE,CNNCc1ccc(C(=O)NC(C)C)cc1,0.0
444,PROGUANIL,CC(C)NC(=[NH2+])NC(=[NH2+])Nc1ccc(Cl)cc1,0.0
445,RIBAVIRIN,NC(=O)c1ncn([C@H]2O[C@@H](CO)[C@H](O)[C@@H]2O)n1,0.0
446,RIMANTADINE,CC([NH3+])C12CC3CC(CC(C3)C1)C2,0.0
447,ROFECOXIB,CS(=O)(=O)c1ccc(C2=C(c3ccccc3)C(=O)OC2)cc1,0.0
448,STAVUDINE,Cc1cn(C2C=CC(CO)O2)c(=O)[nH]c1=O,0.0
449,SULINDAC,CC1=C(CC(=O)[O-])c2cc(F)ccc2/C1=C\c1ccc(S(C)=O)cc1,0.0
450,SUMATRIPTAN,CNS(=O)(=O)Cc1ccc2c(c1)C(CC[NH+](C)C)C=N2,0.0
451,TEMOZOLOMIDE,C[N+]1=NN=C2C(C(N)=O)=NC=[N+]2C1=O,0.0
452,TERBUTALINE,CC(C)(C)[NH2+]CC(O)c1cc(O)cc(O)c1,0.0
453,TESTOLACTONE,CC12CCC3C(CCC4=CC(=O)C=CC43C)C1CCC(=O)O2,0.0
454,THALIDOMIDE,O=C1CCC(N2C(=O)c3ccccc3C2=O)C(=O)N1,0.0
455,TILUDRONIC_ACID,O=P([O-])([O-])C(Sc1ccc(Cl)cc1)P(=O)([O-])[O-],0.0
456,TIZANIDINE,Clc1ccc2nsnc2c1NC1=[NH+]CCN1,0.0
457,TOLCAPONE,Cc1ccc(C(=O)c2cc(O)c([O-])c([N+](=O)[O-])c2)cc1,0.0
